time,signal
0.0,0.0
0.001,0.42444058716259125
0.002,0.8051638691149208
0.003,1.105421082075805
0.004,1.3010776395138384
0.005,1.3838834764831844
0.006,1.3617995011162611
0.007,1.2564064051157837
0.008,1.0980028293682718
0.009000000000000001,0.9194452067355193
0.01,0.75
0.011,0.6104282123605722
0.012,0.5102175770757985
0.013000000000000001,0.44738941074083594
0.014,0.4107429848211075
0.015,0.38388347648318444
0.016,0.35002112321868484
0.017,0.29640408770085735
0.018000000000000002,0.21737861682244772
0.019,0.11542359278764412
0.02,9.184850993605148e-17
0.021,-0.11542359278764398
0.022,-0.21737861682244763
0.023,-0.2964040877008574
0.024,-0.35002112321868495
0.025,-0.3838834764831845
0.026000000000000002,-0.4107429848211083
0.027,-0.4473894107408366
0.028,-0.5102175770757986
0.029,-0.6104282123605718
0.03,-0.7499999999999998
0.031,-0.9194452067355191
0.032,-1.0980028293682718
0.033,-1.2564064051157842
0.034,-1.3617995011162611
0.035,-1.383883476483184
0.036000000000000004,-1.3010776395138377
0.037,-1.1054210820758053
0.038,-0.8051638691149215
0.039,-0.4244405871625917
0.04,-6.735557395310443e-16
0.041,0.42444058716259214
0.042,0.805163869114922
0.043000000000000003,1.105421082075806
0.044,1.3010776395138381
0.045,1.3838834764831847
0.046,1.3617995011162616
0.047,1.256406405115784
0.048,1.0980028293682718
0.049,0.9194452067355191
0.05,0.7499999999999994
0.051000000000000004,0.6104282123605714
0.052000000000000005,0.510217577075797
0.053,0.4473894107408353
0.054,0.41074298482110705
0.055,0.383883476483184
0.056,0.35002112321868484
0.057,0.2964040877008574
0.058,0.2173786168224477
0.059000000000000004,0.11542359278764389
0.06,2.755455298081545e-16
0.061,-0.11542359278764341
0.062,-0.21737861682244725
0.063,-0.2964040877008577
0.064,-0.3500211232186846
0.065,-0.38388347648318516
0.066,-0.4107429848211086
0.067,-0.44738941074083705
0.068,-0.5102175770757997
0.069,-0.6104282123605728
0.07,-0.7500000000000013
0.07100000000000001,-0.9194452067355201
0.07200000000000001,-1.0980028293682722
0.073,-1.2564064051157824
0.074,-1.3617995011162605
0.075,-1.383883476483184
0.076,-1.3010776395138384
0.077,-1.1054210820758044
0.078,-0.8051638691149217
0.079,-0.4244405871625914
0.08,-1.3471114790620886e-15
0.081,0.4244405871625923
0.082,0.8051638691149225
0.083,1.1054210820758055
0.084,1.3010776395138395
0.085,1.3838834764831853
0.08600000000000001,1.3617995011162614
0.08700000000000001,1.2564064051157828
0.088,1.0980028293682724
0.089,0.9194452067355213
0.09,0.7500000000000004
0.091,0.6104282123605715
0.092,0.5102175770757983
0.093,0.44738941074083544
0.094,0.41074298482110805
0.095,0.38388347648318344
0.096,0.35002112321868395
0.097,0.29640408770085735
0.098,0.21737861682244805
0.099,0.11542359278764405
0.1,-4.289358700198678e-16
0.101,-0.11542359278764326
0.10200000000000001,-0.21737861682244783
0.10300000000000001,-0.29640408770085824
0.10400000000000001,-0.3500211232186863
0.105,-0.38388347648318566
0.106,-0.41074298482110944
0.107,-0.44738941074083505
0.108,-0.5102175770757991
0.109,-0.6104282123605727
0.11,-0.7500000000000011
0.111,-0.9194452067355205
0.112,-1.098002829368271
0.113,-1.256406405115784
0.114,-1.3617995011162598
0.115,-1.3838834764831829
0.116,-1.301077639513839
0.117,-1.1054210820758048
0.11800000000000001,-0.805163869114919
0.11900000000000001,-0.424440587162587
0.12,-2.0206672185931327e-15
0.121,0.42444058716259014
0.122,0.8051638691149221
0.123,1.1054210820758024
0.124,1.301077639513838
0.125,1.3838834764831849
0.126,1.3617995011162616
0.127,1.2564064051157848
0.128,1.0980028293682726
0.129,0.9194452067355194
0.13,0.749999999999999
0.131,0.6104282123605698
0.132,0.510217577075796
0.133,0.4473894107408355
0.134,0.4107429848211065
0.135,0.38388347648318344
0.136,0.3500211232186837
0.137,0.29640408770085747
0.138,0.21737861682244827
0.139,0.11542359278764257
0.14,-2.452388501477648e-16
0.14100000000000001,-0.1154235927876432
0.14200000000000002,-0.21737861682244877
0.14300000000000002,-0.29640408770085813
0.14400000000000002,-0.3500211232186863
0.145,-0.3838834764831857
0.146,-0.41074298482110794
0.147,-0.44738941074083494
0.148,-0.5102175770757991
0.149,-0.6104282123605733
0.15,-0.7500000000000009
0.151,-0.9194452067355173
0.152,-1.0980028293682693
0.153,-1.2564064051157837
0.154,-1.3617995011162596
0.155,-1.3838834764831816
0.156,-1.3010776395138395
0.157,-1.1054210820758053
0.158,-0.8051638691149207
0.159,-0.4244405871625877
0.16,-2.6942229581241772e-15
0.161,0.4244405871625895
0.162,0.8051638691149225
0.163,1.1054210820758072
0.164,1.3010776395138417
0.165,1.3838834764831838
0.166,1.3617995011162616
0.167,1.256406405115785
0.168,1.0980028293682698
0.169,0.9194452067355167
0.17,0.7499999999999992
0.171,0.6104282123605708
0.17200000000000001,0.510217577075796
0.17300000000000001,0.4473894107408319
0.17400000000000002,0.410742984821105
0.17500000000000002,0.38388347648318344
0.176,0.35002112321868506
0.177,0.29640408770085785
0.178,0.2173786168224499
0.179,0.11542359278764446
0.18,1.7148150091245887e-15
0.181,-0.11542359278764132
0.182,-0.21737861682244758
0.183,-0.2964040877008567
0.184,-0.35002112321868506
0.185,-0.3838834764831843
0.186,-0.41074298482110927
0.187,-0.4473894107408404
0.188,-0.5102175770757973
0.189,-0.6104282123605722
0.19,-0.7500000000000007
0.191,-0.9194452067355208
0.192,-1.0980028293682724
0.193,-1.2564064051157817
0.194,-1.3617995011162614
0.195,-1.383883476483183
0.196,-1.301077639513835
0.197,-1.1054210820758001
0.198,-0.8051638691149201
0.199,-0.4244405871625899
0.2,5.514005499346031e-15
0.201,0.42444058716259725
0.202,0.8051638691149211
0.203,1.1054210820758072
0.20400000000000001,1.3010776395138408
0.20500000000000002,1.3838834764831873
0.20600000000000002,1.361799501116261
0.20700000000000002,1.256406405115783
0.20800000000000002,1.0980028293682698
0.209,0.9194452067355207
0.21,0.7499999999999996
0.211,0.6104282123605702
0.212,0.5102175770757947
0.213,0.4473894107408376
0.214,0.41074298482110977
0.215,0.3838834764831847
0.216,0.3500211232186846
0.217,0.2964040877008577
0.218,0.21737861682244847
0.219,0.11542359278764609
0.22,1.2215518959644115e-16
0.221,-0.11542359278764287
0.222,-0.2173786168224469
0.223,-0.29640408770085686
0.224,-0.3500211232186844
0.225,-0.38388347648318555
0.226,-0.4107429848211076
0.227,-0.4473894107408386
0.228,-0.5102175770758026
0.229,-0.6104282123605752
0.23,-0.750000000000004
0.231,-0.9194452067355225
0.232,-1.0980028293682718
0.233,-1.2564064051157835
0.234,-1.3617995011162594
0.23500000000000001,-1.383883476483184
0.23600000000000002,-1.301077639513836
0.23700000000000002,-1.1054210820758006
0.23800000000000002,-0.8051638691149134
0.23900000000000002,-0.42444058716258204
0.24,-4.0413344371862654e-15
0.241,0.42444058716258815
0.242,0.8051638691149194
0.243,1.1054210820758066
0.244,1.3010776395138413
0.245,1.3838834764831889
0.246,1.361799501116261
0.247,1.256406405115786
0.248,1.0980028293682749
0.249,0.9194452067355202
0.25,0.7499999999999998
0.251,0.6104282123605695
0.252,0.5102175770757962
0.253,0.4473894107408321
0.254,0.4107429848211018
0.255,0.3838834764831861
0.256,0.3500211232186851
0.257,0.29640408770085813
0.258,0.2173786168224476
0.259,0.11542359278764468
0.26,2.0822090488687945e-15
0.261,-0.11542359278764427
0.262,-0.2173786168224478
0.263,-0.2964040877008587
0.264,-0.3500211232186873
0.265,-0.3838834764831843
0.266,-0.41074298482110916
0.267,-0.44738941074083677
0.268,-0.5102175770758012
0.269,-0.6104282123605759
0.27,-0.7500000000000038
0.271,-0.919445206735523
0.272,-1.0980028293682764
0.273,-1.2564064051157824
0.274,-1.3617995011162611
0.275,-1.3838834764831853
0.276,-1.3010776395138355
0.277,-1.1054210820758008
0.278,-0.8051638691149128
0.279,-0.42444058716258426
0.28,1.1272321377884945e-14
0.281,0.424440587162606
0.28200000000000003,0.8051638691149324
0.28300000000000003,1.105421082075817
0.28400000000000003,1.3010776395138395
0.28500000000000003,1.3838834764831875
0.28600000000000003,1.3617995011162611
0.28700000000000003,1.25640640511578
0.28800000000000003,1.0980028293682702
0.289,0.9194452067355229
0.29,0.75
0.291,0.6104282123605784
0.292,0.5102175770758
0.293,0.44738941074083777
0.294,0.4107429848211099
0.295,0.38388347648318244
0.296,0.35002112321868467
0.297,0.29640408770085797
0.298,0.21737861682245083
0.299,0.11542359278764643
0.3,4.895492293406471e-16
0.301,-0.11542359278763911
0.302,-0.21737861682244558
0.303,-0.29640408770085663
0.304,-0.3500211232186853
0.305,-0.38388347648318544
0.306,-0.41074298482110744
0.307,-0.44738941074084193
0.308,-0.5102175770758024
0.309,-0.6104282123605748
0.31,-0.7500000000000033
0.311,-0.9194452067355163
0.312,-1.098002829368271
0.313,-1.2564064051157795
0.314,-1.3617995011162594
0.315,-1.3838834764831842
0.316,-1.301077639513835
0.317,-1.1054210820758015
0.318,-0.8051638691149146
0.319,-0.4244405871625865
0.32,-5.3884459162483544e-15
0.321,0.4244405871625901
0.322,0.8051638691149183
0.323,1.105421082075806
0.324,1.3010776395138395
0.325,1.3838834764831887
0.326,1.3617995011162631
0.327,1.256406405115782
0.328,1.098002829368272
0.329,0.919445206735515
0.33,0.7500000000000002
0.331,0.61042821236057
0.332,0.5102175770757965
0.333,0.4473894107408357
0.334,0.4107429848211018
0.335,0.38388347648318116
0.336,0.35002112321868284
0.337,0.29640408770085613
0.338,0.21737861682244686
0.339,0.11542359278764186
0.34,2.4496030886130003e-15
0.341,-0.11542359278764394
0.342,-0.2173786168224496
0.343,-0.29640408770085847
0.34400000000000003,-0.35002112321868717
0.34500000000000003,-0.3838834764831867
0.34600000000000003,-0.41074298482111554
0.34700000000000003,-0.447389410740844
0.34800000000000003,-0.510217577075806
0.34900000000000003,-0.6104282123605754
0.35000000000000003,-0.7500000000000031
0.35100000000000003,-0.919445206735524
0.352,-1.0980028293682693
0.353,-1.2564064051157775
0.354,-1.3617995011162574
0.355,-1.3838834764831829
0.356,-1.301077639513843
0.357,-1.1054210820758126
0.358,-0.8051638691149285
0.359,-0.42444058716260247
0.36,-7.83835849517965e-15
0.361,0.4244405871625878
0.362,0.8051638691149168
0.363,1.105421082075805
0.364,1.3010776395138401
0.365,1.3838834764831898
0.366,1.3617995011162627
0.367,1.2564064051157848
0.368,1.098002829368277
0.369,0.9194452067355219
0.37,0.7500000000000004
0.371,0.6104282123605693
0.372,0.5102175770757953
0.373,0.44738941074083405
0.374,0.4107429848211002
0.375,0.383883476483185
0.376,0.35002112321868595
0.377,0.2964040877008587
0.378,0.21737861682244908
0.379,0.11542359278764361
0.38,4.409656947885354e-15
0.381,-0.11542359278764217
0.382,-0.2173786168224484
0.383,-0.296404087700858
0.384,-0.3500211232186877
0.385,-0.3838834764831829
0.386,-0.41074298482111077
0.387,-0.44738941074083827
0.388,-0.5102175770757993
0.389,-0.6104282123605761
0.39,-0.7500000000000029
0.391,-0.9194452067355229
0.392,-1.0980028293682713
0.393,-1.2564064051157835
0.394,-1.3617995011162607
0.395,-1.383883476483182
0.396,-1.3010776395138368
0.397,-1.1054210820758017
0.398,-0.8051638691149177
0.399,-0.4244405871625846
0.4,1.1028010998692062e-14
0.401,0.4244405871625994
0.402,0.8051638691149319
0.403,1.1054210820758161
0.404,1.3010776395138404
0.405,1.3838834764831858
0.406,1.36179950111626
0.40700000000000003,1.256406405115786
0.40800000000000003,1.0980028293682698
0.40900000000000003,0.9194452067355195
0.41000000000000003,0.7499999999999937
0.41100000000000003,0.6104282123605719
0.41200000000000003,0.5102175770757917
0.41300000000000003,0.4473894107408324
0.41400000000000003,0.4107429848210989
0.41500000000000004,0.38388347648318377
0.41600000000000004,0.35002112321867834
0.417,0.29640408770086124
0.418,0.21737861682245027
0.419,0.1154235927876456
0.42,6.369710807157707e-15
0.421,-0.11542359278764014
0.422,-0.21737861682244725
0.423,-0.29640408770085547
0.424,-0.35002112321868817
0.425,-0.3838834764831841
0.426,-0.41074298482110605
0.427,-0.44738941074084
0.428,-0.5102175770757926
0.429,-0.6104282123605766
0.43,-0.7499999999999956
0.431,-0.919445206735522
0.432,-1.098002829368266
0.433,-1.2564064051157817
0.434,-1.3617995011162605
0.435,-1.3838834764831758
0.436,-1.3010776395138364
0.437,-1.1054210820758128
0.438,-0.8051638691149191
0.439,-0.4244405871626006
0.44,8.578098419760767e-15
0.441,0.42444058716258337
0.442,0.8051638691149302
0.443,1.1054210820758048
0.444,1.3010776395138488
0.445,1.3838834764831873
0.446,1.3617995011162596
0.447,1.2564064051157877
0.448,1.098002829368275
0.449,0.9194452067355151
0.45,0.7500000000000009
0.451,0.6104282123605634
0.452,0.5102175770757983
0.453,0.4473894107408233
0.454,0.4107429848211036
0.455,0.38388347648318755
0.456,0.35002112321868134
0.457,0.2964040877008583
0.458,0.21737861682244625
0.459,0.1154235927876471
0.46,1.224337308829059e-15
0.461,-0.11542359278764501
0.462,-0.21737861682244705
0.463,-0.29640408770085835
0.464,-0.35002112321868284
0.465,-0.3838834764831903
0.466,-0.4107429848211073
0.467,-0.447389410740842
0.468,-0.510217577075802
0.46900000000000003,-0.6104282123605819
0.47000000000000003,-0.7500000000000024
0.47100000000000003,-0.9194452067355264
0.47200000000000003,-1.0980028293682738
0.47300000000000003,-1.2564064051157875
0.47400000000000003,-1.361799501116257
0.47500000000000003,-1.3838834764831844
0.47600000000000003,-1.3010776395138304
0.47700000000000004,-1.105421082075803
0.47800000000000004,-0.8051638691149041
0.47900000000000004,-0.42444058716258276
0.48,-8.082668874372531e-15
0.481,0.4244405871625674
0.482,0.8051638691149161
0.483,1.1054210820757937
0.484,1.301077639513841
0.485,1.3838834764831833
0.486,1.3617995011162634
0.487,1.2564064051157908
0.488,1.098002829368273
0.489,0.919445206735522
0.49,0.7499999999999941
0.491,0.6104282123605707
0.492,0.5102175770758051
0.493,0.447389410740829
0.494,0.4107429848211083
0.495,0.38388347648318133
0.496,0.35002112321868445
0.497,0.2964040877008566
0.498,0.21737861682244847
0.499,0.11542359278764863
0.5,3.1843911681014124e-15
0.501,-0.11542359278764298
0.502,-0.21737861682244483
0.503,-0.2964040877008558
0.504,-0.35002112321868684
0.505,-0.38388347648318655
0.506,-0.41074298482111526
0.507,-0.4473894107408363
0.508,-0.5102175770758112
0.509,-0.6104282123605745
0.51,-0.7499999999999951
0.511,-0.9194452067355198
0.512,-1.0980028293682684
0.513,-1.2564064051157846
0.514,-1.3617995011162571
0.515,-1.3838834764831782
0.516,-1.301077639513838
0.517,-1.105421082075793
0.518,-0.8051638691149181
0.519,-0.42444058716257116
0.52,3.6782732618981775e-15
0.521,0.42444058716258526
0.522,0.8051638691149313
0.523,1.1054210820758035
0.524,1.301077639513847
0.525,1.3838834764831847
0.526,1.3617995011162671
0.527,1.2564064051157846
0.528,1.0980028293682653
0.529,0.9194452067355173
0.53,0.7500000000000016
0.531,0.6104282123605653
0.532,0.5102175770757957
0.533,0.44738941074082694
0.534,0.4107429848211071
0.535,0.383883476483175
0.536,0.3500211232186826
0.537,0.29640408770085364
0.538,0.2173786168224487
0.539,0.11542359278764432
0.54,-1.960982330227236e-15
0.541,-0.11542359278764149
0.542,-0.21737861682244886
0.543,-0.29640408770085874
0.544,-0.3500211232186887
0.545,-0.3838834764831877
0.546,-0.41074298482112337
0.547,-0.4473894107408384
0.548,-0.5102175770757988
0.549,-0.6104282123605831
0.55,-0.750000000000002
0.551,-0.9194452067355277
0.552,-1.0980028293682702
0.553,-1.2564064051157908
0.554,-1.36179950111626
0.555,-1.383883476483172
0.556,-1.301077639513832
0.557,-1.1054210820757822
0.558,-0.8051638691149072
0.559,-0.4244405871625808
0.56,2.254464275576989e-14
0.561,0.42444058716259686
0.562,0.8051638691149464
0.5630000000000001,1.1054210820758144
0.5640000000000001,1.3010776395138555
0.5650000000000001,1.3838834764831858
0.5660000000000001,1.3617995011162642
0.5670000000000001,1.2564064051157857
0.5680000000000001,1.0980028293682649
0.5690000000000001,0.9194452067355094
0.5700000000000001,0.7499999999999946
0.5710000000000001,0.6104282123605601
0.5720000000000001,0.5102175770757922
0.5730000000000001,0.4473894107408179
0.5740000000000001,0.41074298482110594
0.5750000000000001,0.3838834764831739
0.5760000000000001,0.35002112321867856
0.577,0.2964040877008616
0.578,0.217378616822455
0.579,0.11542359278764631
0.58,7.1044988866461196e-15
0.581,-0.11542359278763316
0.582,-0.21737861682244466
0.583,-0.296404087700855
0.584,-0.35002112321868295
0.585,-0.383883476483184
0.586,-0.41074298482110594
0.587,-0.4473894107408467
0.588,-0.5102175770757922
0.589,-0.6104282123605759
0.59,-0.7499999999999946
0.591,-0.9194452067355208
0.592,-1.0980028293682649
0.593,-1.2564064051157717
0.594,-1.3617995011162602
0.595,-1.3838834764831858
0.596,-1.3010776395138353
0.597,-1.1054210820758144
0.598,-0.8051638691149213
0.599,-0.4244405871626095
0.6,5.88387546163659e-15
0.601,0.4244405871625808
0.602,0.8051638691148989
0.603,1.1054210820758033
0.604,1.301077639513832
0.605,1.3838834764831922
0.606,1.36179950111626
0.607,1.2564064051157888
0.608,1.0980028293682818
0.609,0.9194452067355163
0.61,0.750000000000002
0.611,0.6104282123605766
0.612,0.5102175770757988
0.613,0.4473894107408384
0.614,0.41074298482109717
0.615,0.3838834764831877
0.616,0.3500211232186817
0.617,0.29640408770085985
0.618,0.2173786168224468
0.619,0.11542359278764781
0.62,9.064552745918472e-15
0.621,-0.11542359278764433
0.622,-0.2173786168224445
0.623,-0.29640408770085686
0.624,-0.3500211232186826
0.625,-0.38388347648319016
0.626,-0.4107429848211139
0.627,-0.4473894107408417
0.628,-0.5102175770758015
0.629,-0.6104282123605843
0.63,-0.7500000000000016
0.631,-0.9194452067355141
0.632,-1.0980028293682667
0.633,-1.2564064051157846
0.634,-1.3617995011162565
0.635,-1.3838834764831796
0.636,-1.3010776395138313
0.637,-1.1054210820758046
0.638,-0.8051638691149104
0.639,-0.42444058716258526
0.64,-1.0776891832496709e-14
0.641,0.42444058716259236
0.642,0.8051638691149181
0.643,1.105421082075813
0.644,1.3010776395138401
0.645,1.3838834764831882
0.646,1.361799501116264
0.647,1.2564064051157897
0.648,1.0980028293682684
0.649,0.919445206735523
0.65,0.7499999999999951
0.651,0.6104282123605745
0.652,0.5102175770757896
0.653,0.44738941074082933
0.654,0.41074298482110255
0.655,0.38388347648318144
0.656,0.3500211232186776
0.657,0.2964040877008558
0.658,0.21737861682244702
0.659,0.11542359278764931
0.66,-3.1862481100111774e-15
0.661,-0.11542359278764283
0.662,-0.2173786168224443
0.663,-0.2964040877008608
0.664,-0.35002112321868667
0.665,-0.38388347648319643
0.666,-0.4107429848211083
0.667,-0.4473894107408508
0.668,-0.5102175770758107
0.669,-0.6104282123605707
0.67,-0.7500000000000084
0.671,-0.9194452067355188
0.672,-1.0980028293682802
0.673,-1.2564064051157837
0.674,-1.3617995011162527
0.675,-1.3838834764831833
0.676,-1.3010776395138228
0.677,-1.1054210820757948
0.678,-0.8051638691149161
0.679,-0.4244405871625737
0.68,9.840503037740011e-16
0.681,0.4244405871626166
0.682,0.8051638691149291
0.683,1.105421082075823
0.684,1.301077639513844
0.685,1.3838834764831944
0.686,1.3617995011162676
0.687,1.2564064051157766
0.6880000000000001,1.0980028293682664
0.6890000000000001,0.9194452067355183
0.6900000000000001,0.7499999999999882
0.6910000000000001,0.6104282123605662
0.6920000000000001,0.5102175770757803
0.6930000000000001,0.44738941074083427
0.6940000000000001,0.41074298482109456
0.6950000000000001,0.3838834764831753
0.6960000000000001,0.35002112321867807
0.6970000000000001,0.2964040877008541
0.6980000000000001,0.21737861682244922
0.6990000000000001,0.11542359278763814
0.7000000000000001,-1.226194250738824e-15
0.7010000000000001,-0.1154235927876413
0.7020000000000001,-0.2173786168224525
0.7030000000000001,-0.29640408770086263
0.704,-0.3500211232186835
0.705,-0.3838834764831826
0.706,-0.4107429848211171
0.707,-0.4473894107408303
0.708,-0.510217577075804
0.709,-0.61042821236057
0.71,-0.7500000000000009
0.711,-0.9194452067355119
0.712,-1.0980028293682562
0.713,-1.2564064051157808
0.714,-1.361799501116257
0.715,-1.3838834764831773
0.716,-1.3010776395138466
0.717,-1.105421082075806
0.718,-0.8051638691149385
0.719,-0.42444058716258964
0.72,-1.56767169903593e-14
0.721,0.4244405871625879
0.722,0.805163869114915
0.723,1.1054210820757908
0.724,1.3010776395138408
0.725,1.3838834764831807
0.726,1.3617995011162674
0.727,1.2564064051157957
0.728,1.0980028293682718
0.729,0.9194452067355252
0.73,0.7499999999999956
0.731,0.6104282123605734
0.732,0.5102175770758028
0.733,0.44738941074082594
0.734,0.41074298482111204
0.735,0.3838834764831791
0.736,0.35002112321868384
0.737,0.2964040877008566
0.738,0.21737861682245135
0.739,0.11542359278765281
0.74,7.338596085335294e-16
0.741,-0.11542359278763878
0.742,-0.21737861682244192
0.743,-0.2964040877008558
0.744,-0.3500211232186875
0.745,-0.38388347648318877
0.746,-0.4107429848211117
0.747,-0.4473894107408394
0.748,-0.5102175770758134
0.749,-0.6104282123605719
0.75,-0.7499999999999937
0.751,-0.9194452067355163
0.752,-1.0980028293682698
0.753,-1.2564064051157797
0.754,-1.3617995011162531
0.755,-1.3838834764831809
0.756,-1.3010776395138381
0.757,-1.1054210820757961
0.758,-0.8051638691149193
0.759,-0.42444058716257815
0.76,-3.915774854088588e-15
0.761,0.4244405871625846
0.762,0.805163869114926
0.763,1.1054210820758006
0.764,1.3010776395138448
0.765,1.383883476483187
0.766,1.3617995011162713
0.767,1.2564064051157826
0.768,1.09800282936827
0.769,0.9194452067355205
0.77,0.7500000000000029
0.771,0.6104282123605649
0.772,0.5102175770757935
0.773,0.4473894107408309
0.774,0.41074298482110405
0.775,0.38388347648317284
0.776,0.35002112321868417
0.777,0.29640408770085486
0.778,0.21737861682245158
0.779,0.11542359278764217
0.78,2.693913467805883e-15
0.781,-0.11542359278763728
0.782,-0.21737861682245008
0.783,-0.2964040877008576
0.784,-0.3500211232186916
0.785,-0.383883476483185
0.786,-0.4107429848211197
0.787,-0.4473894107408485
0.788,-0.5102175770758111
0.789,-0.6104282123605804
0.79,-0.7500000000000004
0.791,-0.9194452067355274
0.792,-1.0980028293682715
0.793,-1.2564064051157786
0.794,-1.3617995011162627
0.795,-1.3838834764831747
0.796,-1.30107763951383
0.797,-1.1054210820757842
0.798,-0.8051638691149083
0.799,-0.42444058716259414
0.8,2.2056021997384124e-14
0.801,0.42444058716259614
0.802,0.8051638691149369
0.803,1.1054210820758126
0.804,1.301077639513853
0.805,1.3838834764831933
0.806,1.3617995011162614
0.807,1.2564064051157835
0.808,1.098002829368275
0.809,0.9194452067355097
0.81,0.7499999999999961
0.811,0.6104282123605564
0.812,0.510217577075796
0.8130000000000001,0.4473894107408218
0.8140000000000001,0.41074298482109595
0.8150000000000001,0.3838834764831766
0.8160000000000001,0.35002112321868006
0.8170000000000001,0.29640408770085735
0.8180000000000001,0.21737861682244544
0.8190000000000001,0.11542359278764314
0.8200000000000001,4.6539673270782366e-15
0.8210000000000001,-0.11542359278764845
0.8220000000000001,-0.2173786168224479
0.8230000000000001,-0.2964040877008637
0.8240000000000001,-0.3500211232186913
0.8250000000000001,-0.38388347648319116
0.8260000000000001,-0.41074298482111493
0.8270000000000001,-0.4473894107408287
0.8280000000000001,-0.5102175770758204
0.8290000000000001,-0.610428212360589
0.8300000000000001,-0.7500000000000073
0.8310000000000001,-0.9194452067355208
0.8320000000000001,-1.0980028293682804
0.833,-1.2564064051157742
0.834,-1.3617995011162536
0.835,-1.3838834764831787
0.836,-1.3010776395138373
0.837,-1.1054210820758186
0.838,-0.8051638691149475
0.839,-0.4244405871625826
0.84,-8.815600011951177e-15
0.841,0.42444058716258015
0.842,0.8051638691148977
0.843,1.1054210820757784
0.844,1.3010776395138453
0.845,1.3838834764831893
0.846,1.361799501116271
0.847,1.2564064051157884
0.848,1.098002829368273
0.849,0.9194452067355228
0.85,0.7500000000000033
0.851,0.6104282123605794
0.852,0.510217577075807
0.853,0.4473894107408275
0.854,0.4107429848211007
0.855,0.3838834764831805
0.856,0.3500211232186903
0.857,0.29640408770085563
0.858,0.21737861682245394
0.859,0.11542359278764569
0.86,6.61402118635059e-15
0.861,-0.11542359278763326
0.862,-0.21737861682244772
0.863,-0.2964040877008568
0.864,-0.3500211232186855
0.865,-0.38388347648317733
0.866,-0.4107429848211229
0.867,-0.4473894107408518
0.868,-0.5102175770757977
0.869,-0.6104282123605659
0.87,-0.7500000000000142
0.871,-0.9194452067355252
0.872,-1.098002829368268
0.873,-1.256406405115773
0.874,-1.3617995011162631
0.875,-1.3838834764831724
0.876,-1.3010776395138293
0.877,-1.1054210820758064
0.878,-0.8051638691149365
0.879,-0.42444058716257105
0.88,1.7156196839521533e-14
0.881,0.4244405871625917
0.882,0.8051638691149087
0.883,1.1054210820757904
0.884,1.3010776395138537
0.885,1.3838834764831955
0.886,1.3617995011162611
0.887,1.2564064051157893
0.888,1.0980028293682715
0.889,0.9194452067355117
0.89,0.7499999999999966
0.891,0.610428212360571
0.892,0.5102175770758091
0.893,0.4473894107408185
0.894,0.4107429848210927
0.895,0.38388347648318427
0.896,0.3500211232186862
0.897,0.2964040877008538
0.898,0.2173786168224458
0.899,0.11542359278764719
0.9,8.574075045622944e-15
0.901,-0.11542359278764443
0.902,-0.21737861682244755
0.903,-0.2964040877008586
0.904,-0.3500211232186851
0.905,-0.3838834764831836
0.906,-0.41074298482113103
0.907,-0.44738941074084687
0.908,-0.5102175770758071
0.909,-0.6104282123605743
0.91,-0.7499999999999927
0.911,-0.9194452067355299
0.912,-1.0980028293682698
0.913,-1.256406405115786
0.914,-1.3617995011162594
0.915,-1.3838834764831662
0.916,-1.3010776395138255
0.917,-1.1054210820757966
0.918,-0.8051638691149258
0.919,-0.4244405871626019
0.92,2.8917138975792246e-14
0.921,0.4244405871626033
0.922,0.805163869114928
0.923,1.1054210820758001
0.924,1.3010776395138621
0.925,1.3838834764831918
0.926,1.361799501116265
0.927,1.2564064051157904
0.928,1.0980028293682724
0.929,0.9194452067355072
0.93,0.7499999999999897
0.931,0.6104282123605689
0.932,0.5102175770757998
0.933,0.4473894107408094
0.934,0.4107429848210983
0.935,0.383883476483178
0.936,0.3500211232186822
0.937,0.2964040877008498
0.9380000000000001,0.21737861682244594
0.9390000000000001,0.11542359278764867
0.9400000000000001,-3.676725810306707e-15
0.9410000000000001,-0.11542359278764293
0.9420000000000001,-0.21737861682244736
0.9430000000000001,-0.2964040877008626
0.9440000000000001,-0.35002112321868917
0.9450000000000001,-0.38388347648318977
0.9460000000000001,-0.4107429848211255
0.9470000000000001,-0.447389410740856
0.9480000000000001,-0.5102175770758164
0.9490000000000001,-0.6104282123605764
0.9500000000000001,-0.7499999999999996
0.9510000000000001,-0.9194452067355343
0.9520000000000001,-1.0980028293682833
0.9530000000000001,-1.256406405115785
0.9540000000000001,-1.3617995011162556
0.9550000000000001,-1.38388347648317
0.9560000000000001,-1.301077639513817
0.9570000000000001,-1.1054210820757868
0.9580000000000001,-0.8051638691149063
0.9590000000000001,-0.42444058716259037
0.96,-1.6165337748745062e-14
0.961,0.4244405871625597
0.962,0.8051638691148805
0.963,1.10542108207581
0.964,1.3010776395138384
0.965,1.383883476483188
0.966,1.3617995011162607
0.967,1.2564064051157915
0.968,1.0980028293682822
0.969,0.9194452067355252
0.97,0.7500000000000113
0.971,0.6104282123605539
0.972,0.5102175770757906
0.973,0.4473894107408299
0.974,0.4107429848211022
0.975,0.3838834764831919
0.976,0.3500211232186781
0.977,0.2964040877008589
0.978,0.21737861682245022
0.979,0.1154235927876512
0.98,1.249418276416765e-14
0.981,-0.11542359278764143
0.982,-0.21737861682244317
0.983,-0.29640408770085347
0.984,-0.350021123218679
0.985,-0.383883476483196
0.986,-0.41074298482112154
0.987,-0.4473894107408354
0.988,-0.5102175770757938
0.989,-0.6104282123605913
0.99,-0.7500000000000064
0.991,-0.9194452067355163
0.992,-1.0980028293682593
0.993,-1.2564064051157802
0.994,-1.3617995011162518
0.995,-1.3838834764831736
0.996,-1.3010776395138406
0.997,-1.105421082075819
0.998,-0.8051638691149039
0.999,-0.4244405871625788
1.0,-4.404395612474353e-15
1.0010000000000001,0.42444058716263905
1.002,0.8051638691148998
1.0030000000000001,1.1054210820758221
1.004,1.3010776395138468
1.0050000000000001,1.3838834764831942
1.006,1.3617995011162645
1.0070000000000001,1.2564064051157784
1.008,1.0980028293682687
1.0090000000000001,0.9194452067354915
1.01,0.7500000000000044
1.0110000000000001,0.6104282123605584
1.012,0.5102175770757813
1.0130000000000001,0.4473894107408053
1.014,0.4107429848211076
1.0150000000000001,0.38388347648317567
1.016,0.3500211232186741
1.0170000000000001,0.29640408770085264
1.018,0.21737861682245035
1.0190000000000001,0.11542359278763901
1.02,2.4338190823799976e-16
1.0210000000000001,-0.1154235927876526
1.022,-0.21737861682244294
1.0230000000000001,-0.29640408770086835
1.024,-0.35002112321868306
1.025,-0.3838834764831922
1.026,-0.41074298482111604
1.027,-0.44738941074082894
1.028,-0.5102175770758031
1.029,-0.6104282123605683
1.03,-0.7500000000000133
1.031,-0.9194452067354919
1.032,-1.0980028293682726
1.033,-1.256406405115765
1.034,-1.361799501116248
1.035,-1.3838834764831875
1.036,-1.3010776395138324
1.037,-1.1054210820758112
1.038,-0.8051638691148846
1.039,-0.42444058716263505
1.04,7.356546523796355e-15
1.041,0.4244405871625828
1.042,0.8051638691149108
1.043,1.1054210820757877
1.044,1.3010776395138506
1.045,1.3838834764831802
1.046,1.3617995011162682
1.047,1.2564064051157973
1.048,1.0980028293682669
1.049,0.9194452067355385
1.05,0.7499999999999976
1.051,0.6104282123605685
1.052,0.5102175770757721
1.053,0.4473894107408413
1.054,0.4107429848210996
1.055,0.38388347648317944
1.056,0.35002112321867446
1.057,0.2964040877008639
1.058,0.21737861682245058
1.059,0.1154235927876542
1.06,2.203435767510353e-15
1.061,-0.11542359278763739
1.062,-0.21737861682245113
1.063,-0.2964040877008484
1.064,-0.35002112321868706
1.065,-0.38388347648318843
1.066,-0.41074298482112404
1.067,-0.447389410740824
1.068,-0.5102175770758008
1.069,-0.6104282123605769
1.07,-0.75000000000002
1.071,-0.919445206735503
1.072,-1.0980028293682744
1.073,-1.256406405115778
1.074,-1.3617995011162578
1.075,-1.3838834764831816
1.076,-1.301077639513824
1.077,-1.1054210820757993
1.078,-0.8051638691149235
1.079,-0.4244405871626108
1.08,3.332834337526907e-14
1.081,0.42444058716259436
1.082,0.8051638691149215
1.083,1.1054210820757975
1.084,1.301077639513859
1.085,1.3838834764831764
1.086,1.3617995011162585
1.087,1.2564064051157982
1.088,1.0980028293682536
1.089,0.9194452067355405
1.09,0.7499999999999907
1.091,0.6104282123605664
1.092,0.5102175770757629
1.093,0.4473894107408322
1.094,0.41074298482110516
1.095,0.3838834764831631
1.096,0.3500211232186846
1.097,0.2964040877008599
1.098,0.21737861682245072
1.099,0.1154235927876557
1.1,-1.0047365088419298e-14
1.101,-0.11542359278762322
1.102,-0.21737861682245094
1.103,-0.29640408770085236
1.104,-0.35002112321869105
1.105,-0.38388347648319465
1.106,-0.4107429848211186
1.107,-0.44738941074084715
1.108,-0.5102175770758101
1.109,-0.6104282123605789
1.11,-0.7500000000000269
1.111,-0.9194452067355074
1.112,-1.098002829368288
1.113,-1.256406405115763
1.114,-1.361799501116254
1.115,-1.3838834764831853
1.116,-1.3010776395138157
1.117,-1.1054210820757895
1.118,-0.8051638691149043
1.119,-0.4244405871626119
1.12,4.508928551153978e-14
1.121,0.4244405871625635
1.122,0.8051638691149327
1.123,1.1054210820758072
1.124,1.3010776395138628
1.125,1.3838834764831727
1.1260000000000001,1.3617995011162625
1.127,1.2564064051157853
1.1280000000000001,1.0980028293682633
1.129,0.9194452067355294
1.1300000000000001,0.7499999999999838
1.131,0.6104282123605644
1.1320000000000001,0.5102175770757651
1.133,0.4473894107408372
1.1340000000000001,0.41074298482108357
1.135,0.383883476483167
1.1360000000000001,0.35002112321868495
1.137,0.2964040877008559
1.1380000000000001,0.21737861682244258
1.139,0.11542359278764452
1.1400000000000001,6.12354348605506e-15
1.141,-0.1154235927876344
1.1420000000000001,-0.21737861682245913
1.143,-0.2964040877008564
1.1440000000000001,-0.3500211232186907
1.145,-0.3838834764831909
1.1460000000000001,-0.4107429848211401
1.147,-0.44738941074084215
1.1480000000000001,-0.5102175770758078
1.149,-0.610428212360581
1.1500000000000001,-0.7500000000000338
1.151,-0.9194452067355185
1.1520000000000001,-1.0980028293682782
1.153,-1.2564064051157762
1.154,-1.3617995011162525
1.155,-1.383883476483189
1.156,-1.301077639513835
1.157,-1.1054210820757775
1.158,-0.8051638691149519
1.159,-0.42444058716258765
1.16,-1.4204045928199532e-14
1.161,0.4244405871625877
1.162,0.8051638691148851
1.163,1.1054210820758195
1.164,1.3010776395138117
1.165,1.383883476483189
1.166,1.3617995011162718
1.167,1.2564064051157722
1.168,1.0980028293683013
1.169,0.9194452067355185
1.17,0.7500000000000053
1.171,0.6104282123605494
1.172,0.5102175770758078
1.173,0.44738941074084215
1.174,0.4107429848210875
1.175,0.3838834764831708
1.176,0.3500211232186907
1.177,0.2964040877008564
1.178,0.21737861682245507
1.179,0.1154235927876344
1.18,2.2294452060529416e-14
1.181,-0.11542359278764555
1.182,-0.21737861682244658
1.183,-0.2964040877008559
1.184,-0.35002112321868495
1.185,-0.3838834764831871
1.186,-0.4107429848211106
1.187,-0.4473894107408372
1.188,-0.5102175770757968
1.189,-0.6104282123605959
1.19,-0.7499999999999838
1.191,-0.9194452067355294
1.192,-1.0980028293682544
1.193,-1.2564064051157893
1.194,-1.3617995011162625
1.195,-1.3838834764831727
1.196,-1.301077639513831
1.197,-1.1054210820758072
1.198,-0.8051638691149493
1.199,-0.4244405871625635
1.2,1.176775092327318e-14
1.201,0.4244405871625866
1.202,0.8051638691149043
1.203,1.1054210820758315
1.204,1.3010776395138246
1.205,1.3838834764831853
1.206,1.361799501116262
1.207,1.2564064051157873
1.208,1.098002829368288
1.209,0.9194452067355074
1.21,0.7499999999999986
1.211,0.6104282123605473
1.212,0.5102175770758101
1.213,0.447389410740819
1.214,0.41074298482109306
1.215,0.38388347648317456
1.216,0.3500211232186823
1.217,0.29640408770085236
1.218,0.21737861682244689
1.219,0.11542359278764858
1.22,1.0043651204599767e-14
1.221,-0.11542359278765675
1.222,-0.217378616822434
1.223,-0.2964040877008599
1.224,-0.3500211232186846
1.225,-0.3838834764832034
1.226,-0.41074298482110516
1.227,-0.4473894107408322
1.228,-0.5102175770758176
1.229,-0.6104282123605979
1.23,-0.7499999999999907
1.231,-0.9194452067355277
1.232,-1.0980028293682678
1.233,-1.2564064051158021
1.234,-1.3617995011162451
1.235,-1.3838834764831764
1.236,-1.3010776395138273
1.237,-1.1054210820757997
1.238,-0.8051638691149299
1.239,-0.4244405871625393
1.24,9.317838344341887e-15
1.241,0.4244405871626108
1.242,0.8051638691149235
1.243,1.105421082075839
1.244,1.3010776395138284
1.245,1.3838834764831816
1.246,1.3617995011162793
1.247,1.2564064051157742
1.248,1.0980028293682744
1.249,0.9194452067355094
1.25,0.7499999999999917
1.2510000000000001,0.6104282123605456
1.252,0.5102175770757893
1.2530000000000001,0.447389410740824
1.254,0.4107429848210986
1.2550000000000001,0.38388347648317844
1.256,0.3500211232186826
1.2570000000000001,0.2964040877008484
1.258,0.21737861682245543
1.2590000000000001,0.1154235927876374
1.26,-2.2071496513298835e-15
1.2610000000000001,-0.1154235927876426
1.262,-0.21737861682244222
1.2630000000000001,-0.2964040877008639
1.264,-0.35002112321869305
1.2650000000000001,-0.38388347648319954
1.266,-0.4107429848210996
1.2670000000000001,-0.44738941074085536
1.268,-0.5102175770758153
1.2690000000000001,-0.6104282123606
1.27,-0.7499999999999976
1.2710000000000001,-0.9194452067355385
1.272,-1.098002829368281
1.2730000000000001,-1.256406405115787
1.274,-1.3617995011162547
1.2750000000000001,-1.3838834764831802
1.276,-1.3010776395138144
1.2770000000000001,-1.1054210820757877
1.278,-0.8051638691149108
1.2790000000000001,-0.4244405871625404
1.28,-2.1553783664993418e-14
1.281,0.42444058716255467
1.282,0.8051638691149262
1.283,1.1054210820758046
1.284,1.3010776395138324
1.285,1.3838834764831978
1.286,1.3617995011162694
1.287,1.2564064051157968
1.288,1.0980028293682842
1.289,0.9194452067355339
1.29,0.7499999999999848
1.291,0.6104282123605805
1.292,0.5102175770757916
1.293,0.4473894107408305
1.294,0.4107429848210771
1.295,0.3838834764831822
1.296,0.35002112321868306
1.297,0.29640408770086196
1.298,0.2173786168224513
1.299,0.1154235927876526
1.3,1.3963758923144473e-14
1.301,-0.11542359278762739
1.302,-0.21737861682245035
1.303,-0.2964040877008504
1.304,-0.35002112321869266
1.305,-0.38388347648317567
1.306,-0.41074298482112115
1.307,-0.4473894107408489
1.308,-0.5102175770758131
1.309,-0.6104282123605649
1.31,-0.7500000000000044
1.311,-0.9194452067355141
1.312,-1.0980028293682713
1.313,-1.2564064051157644
1.314,-1.3617995011162645
1.315,-1.383883476483164
1.316,-1.3010776395138104
1.317,-1.1054210820758221
1.318,-0.8051638691149081
1.319,-0.4244405871625966
1.32,4.418013186479296e-15
1.321,0.4244405871625535
1.322,0.8051638691149454
1.323,1.1054210820757746
1.324,1.301077639513845
1.325,1.3838834764831938
1.326,1.3617995011162598
1.327,1.256406405115812
1.328,1.0980028293682706
1.329,0.9194452067355228
1.33,0.7499999999999779
1.331,0.6104282123605784
1.332,0.5102175770757938
1.333,0.44738941074080735
1.334,0.4107429848210825
1.335,0.383883476483186
1.336,0.3500211232186746
1.337,0.2964040877008579
1.338,0.21737861682244314
1.339,0.11542359278766676
1.34,1.7129580672148235e-15
1.341,-0.11542359278763857
1.342,-0.21737861682244186
1.343,-0.29640408770085447
1.344,-0.35002112321869233
1.345,-0.3838834764831919
1.346,-0.4107429848211157
1.347,-0.44738941074084393
1.348,-0.5102175770758338
1.349,-0.6104282123605669
1.35,-0.7500000000000113
1.351,-0.9194452067355123
1.352,-1.0980028293682849
1.353,-1.2564064051157775
1.354,-1.3617995011162471
1.355,-1.3838834764831678
1.356,-1.3010776395138384
1.357,-1.1054210820758144
1.358,-0.8051638691148888
1.359,-0.4244405871625724
1.36,1.9681006075480022e-15
1.361,0.4244405871625777
1.362,0.8051638691149647
1.363,1.1054210820757824
1.364,1.3010776395138488
1.365,1.38388347648319
1.366,1.3617995011162771
1.367,1.256406405115799
1.368,1.0980028293682575
1.369,0.9194452067355248
1.37,0.7499999999999711
1.371,0.6104282123605764
1.372,0.5102175770757731
1.373,0.44738941074081234
1.374,0.410742984821088
1.375,0.3838834764831698
1.3760000000000001,0.35002112321867496
1.377,0.2964040877008539
1.3780000000000001,0.21737861682245166
1.379,0.11542359278765559
1.3800000000000001,-1.0537842788714826e-14
1.381,-0.11542359278764869
1.3820000000000001,-0.21737861682245
1.383,-0.29640408770085847
1.3840000000000001,-0.35002112321870077
1.385,-0.3838834764831881
1.3860000000000001,-0.41074298482111016
1.387,-0.44738941074083893
1.3880000000000001,-0.5102175770758317
1.389,-0.6104282123605689
1.3900000000000001,-0.7500000000000182
1.391,-0.9194452067355232
1.3920000000000001,-1.0980028293682982
1.393,-1.2564064051157904
1.3940000000000001,-1.361799501116257
1.395,-1.3838834764831716
1.3960000000000001,-1.3010776395138257
1.397,-1.1054210820758024
1.3980000000000001,-0.8051638691148697
1.399,-0.42444058716260324
1.4000000000000001,2.7939897459020713e-14
1.401,0.4244405871626019
1.4020000000000001,0.8051638691149674
1.403,1.1054210820757944
1.4040000000000001,1.3010776395138526
1.405,1.3838834764831862
1.4060000000000001,1.3617995011162674
1.407,1.256406405115786
1.408,1.0980028293682813
1.409,0.9194452067355137
1.41,0.7500000000000211
1.411,0.6104282123605743
1.412,0.5102175770757841
1.413,0.4473894107408173
1.414,0.4107429848211175
1.415,0.38388347648317356
1.416,0.35002112321868073
1.417,0.29640408770084997
1.418,0.21737861682246426
1.419,0.11542359278764443
1.42,5.63306578575953e-15
1.421,-0.11542359278763449
1.422,-0.21737861682243745
1.423,-0.29640408770086246
1.424,-0.3500211232186808
1.425,-0.3838834764831843
1.426,-0.4107429848211062
1.427,-0.4473894107408621
1.428,-0.5102175770757886
1.429,-0.610428212360571
1.43,-0.7499999999999966
1.431,-0.9194452067355343
1.432,-1.0980028293682602
1.433,-1.2564064051157753
1.434,-1.3617995011162476
1.435,-1.3838834764831756
1.436,-1.3010776395138448
1.437,-1.1054210820757904
1.438,-0.805163869114917
1.439,-0.42444058716260435
1.44,-3.13534339807186e-14
1.441,0.42444058716262617
1.442,0.8051638691149199
1.443,1.1054210820758064
1.444,1.3010776395138337
1.445,1.3838834764832024
1.446,1.361799501116269
1.447,1.256406405115773
1.448,1.098002829368291
1.449,0.9194452067355026
1.45,0.7500000000000142
1.451,0.6104282123605594
1.452,0.5102175770757862
1.453,0.4473894107408223
1.454,0.4107429848210959
1.455,0.38388347648317733
1.456,0.35002112321868106
1.457,0.296404087700859
1.458,0.21737861682245607
1.459,0.11542359278763326
1.46,2.1803974360233888e-14
1.461,-0.11542359278764569
1.462,-0.21737861682244558
1.463,-0.296404087700862
1.464,-0.35002112321868045
1.465,-0.3838834764831804
1.466,-0.4107429848211277
1.467,-0.4473894107408571
1.468,-0.5102175770757865
1.469,-0.6104282123605859
1.47,-0.7500000000000033
1.471,-0.9194452067355452
1.472,-1.0980028293682504
1.473,-1.2564064051157884
1.474,-1.3617995011162574
1.475,-1.3838834764831593
1.476,-1.3010776395138408
1.477,-1.1054210820757784
1.478,-0.8051638691149144
1.479,-0.42444058716258015
1.48,-5.381637129245882e-15
1.481,0.42444058716262506
1.482,0.8051638691148891
1.483,1.1054210820758186
1.484,1.3010776395138461
1.485,1.3838834764831986
1.486,1.3617995011162591
1.487,1.2564064051157882
1.488,1.0980028293682778
1.489,0.9194452067354917
1.49,0.7500000000000073
1.491,0.6104282123605574
1.492,0.5102175770757885
1.493,0.44738941074079913
1.494,0.41074298482110144
1.495,0.3838834764831812
1.496,0.3500211232186726
1.497,0.296404087700855
1.498,0.21737861682244786
1.499,0.11542359278764738
1.5,9.553173504304237e-15
1.5010000000000001,-0.11542359278765685
1.502,-0.2173786168224371
1.5030000000000001,-0.296404087700866
1.504,-0.35002112321868006
1.5050000000000001,-0.3838834764831967
1.506,-0.41074298482112226
1.5070000000000001,-0.44738941074085214
1.508,-0.5102175770758074
1.5090000000000001,-0.6104282123605879
1.51,-0.7500000000000102
1.5110000000000001,-0.9194452067355434
1.512,-1.0980028293682635
1.5130000000000001,-1.2564064051158013
1.514,-1.36179950111624
1.5150000000000001,-1.383883476483183
1.516,-1.301077639513837
1.5170000000000001,-1.1054210820757706
1.518,-0.8051638691148952
1.5190000000000001,-0.42444058716255595
1.52,-7.831549708177176e-15
1.5210000000000001,0.4244405871626492
1.522,0.8051638691149083
1.5230000000000001,1.1054210820758261
1.524,1.3010776395138501
1.5250000000000001,1.3838834764831949
1.526,1.3617995011162762
1.5270000000000001,1.2564064051157748
1.528,1.0980028293682644
1.5290000000000001,0.9194452067354937
1.53,0.7500000000000004
1.5310000000000001,0.6104282123605553
1.532,0.5102175770757678
1.5330000000000001,0.44738941074080407
1.534,0.410742984821107
1.5350000000000001,0.3838834764831649
1.536,0.35002112321867296
1.537,0.2964040877008641
1.538,0.21737861682245643
1.539,0.11542359278766261
1.54,-2.697627351625413e-15
1.541,-0.11542359278761632
1.542,-0.21737861682244522
1.543,-0.2964040877008569
1.544,-0.3500211232186885
1.545,-0.38388347648319293
1.546,-0.4107429848211167
1.547,-0.4473894107408442
1.548,-0.5102175770758051
1.549,-0.6104282123605713
1.55,-0.7500000000000171
1.551,-0.9194452067354963
1.552,-1.098002829368277
1.553,-1.2564064051157546
1.554,-1.3617995011162498
1.555,-1.3838834764831869
1.556,-1.3010776395138246
1.557,-1.105421082075805
1.558,-0.805163869114926
1.559,-0.42444058716263744
1.56,1.8140247143295538e-14
1.561,0.4244405871625931
1.562,0.805163869114911
1.563,1.1054210820757917
1.564,1.3010776395138541
1.565,1.3838834764831909
1.566,1.3617995011162667
1.567,1.2564064051157937
1.568,1.098002829368274
1.569,0.9194452067355405
1.57,0.7499999999999937
1.571,0.610428212360559
1.572,0.51021757707577
1.573,0.4473894107408401
1.574,0.4107429848210854
1.575,0.3838834764831687
1.576,0.3500211232186734
1.577,0.29640408770086457
1.578,0.21737861682244822
1.579,0.11542359278765144
1.58,1.3473281222848944e-14
1.581,-0.11542359278762751
1.582,-0.21737861682245344
1.583,-0.2964040877008479
1.584,-0.35002112321868817
1.585,-0.38388347648318916
1.586,-0.41074298482113825
1.587,-0.4473894107408392
1.588,-0.5102175770758028
1.589,-0.6104282123605864
1.59,-0.750000000000024
1.591,-0.9194452067355074
1.592,-1.0980028293682673
1.593,-1.2564064051157675
1.594,-1.3617995011162596
1.595,-1.3838834764831707
1.596,-1.3010776395138206
1.597,-1.105421082075793
1.598,-0.8051638691149233
1.599,-0.42444058716261324
1.6,4.411204399476825e-14
1.601,0.4244405871625919
1.602,0.8051638691149302
1.603,1.1054210820758037
1.604,1.3010776395138666
1.605,1.383883476483187
1.606,1.361799501116257
1.607,1.2564064051158088
1.608,1.0980028293682609
1.609,0.9194452067355297
1.61,0.7499999999999868
1.611,0.610428212360557
1.612,0.5102175770757722
1.613,0.44738941074081706
1.614,0.4107429848210909
1.615,0.38388347648317245
1.616,0.3500211232186792
1.617,0.2964040877008605
1.618,0.21737861682244008
1.619,0.11542359278766559
1.62,1.2224803669192939e-15
1.621,-0.11542359278763868
1.622,-0.21737861682244491
1.623,-0.29640408770085186
1.624,-0.3500211232186878
1.625,-0.38388347648318527
1.6260000000000001,-0.41074298482113286
1.627,-0.44738941074083427
1.6280000000000001,-0.5102175770758235
1.629,-0.6104282123605884
1.6300000000000001,-0.7500000000000309
1.631,-0.919445206735541
1.6320000000000001,-1.0980028293682806
1.633,-1.2564064051157806
1.6340000000000001,-1.36179950111625
1.635,-1.3838834764831744
1.6360000000000001,-1.3010776395138484
1.637,-1.105421082075823
1.6380000000000001,-0.8051638691148542
1.639,-0.42444058716253397
1.6400000000000001,4.1662131415836954e-14
1.641,0.4244405871626162
1.6420000000000001,0.8051638691149496
1.643,1.1054210820758157
1.6440000000000001,1.3010776395138388
1.645,1.3838834764831833
1.6460000000000001,1.361799501116282
1.647,1.2564064051157997
1.6480000000000001,1.0980028293682473
1.649,0.9194452067354961
1.6500000000000001,0.7499999999999799
1.651,0.6104282123605549
1.6520000000000001,0.5102175770757834
1.653,0.44738941074082195
1.6540000000000001,0.41074298482112187
1.655,0.38388347648319643
1.6560000000000001,0.3500211232186653
1.657,0.2964040877008479
1.6580000000000001,0.2173786168224486
1.659,0.11542359278765443
1.6600000000000001,-1.1028320489010356e-14
1.661,-0.11542359278764984
1.6620000000000001,-0.21737861682244902
1.663,-0.2964040877008558
1.6640000000000001,-0.35002112321871043
1.665,-0.3838834764831815
1.666,-0.4107429848211034
1.667,-0.4473894107408589
1.668,-0.5102175770757809
1.669,-0.6104282123605903
1.67,-0.7500000000000093
1.671,-0.9194452067355166
1.672,-1.0980028293682569
1.673,-1.2564064051157897
1.674,-1.3617995011162407
1.675,-1.3838834764831582
1.676,-1.3010776395138675
1.677,-1.1054210820757735
1.678,-0.8051638691149015
1.679,-0.42444058716256483
1.68,-1.7631200023902354e-14
1.681,0.42444058716258526
1.682,0.8051638691149021
1.683,1.1054210820757815
1.684,1.3010776395138197
1.685,1.3838834764831995
1.686,1.3617995011162756
1.687,1.2564064051157828
1.688,1.098002829368271
1.689,0.9194452067355203
1.69,0.7500000000000016
1.691,0.6104282123605843
1.692,0.5102175770757943
1.693,0.4473894107407974
1.694,0.4107429848211258
1.695,0.38388347648316
1.696,0.35002112321867107
1.697,0.2964040877008525
1.698,0.2173786168224612
1.699,0.11542359278764432
1.7,5.142588085464001e-15
1.701,-0.11542359278763466
1.702,-0.21737861682243645
1.703,-0.29640408770086846
1.704,-0.3500211232186761
1.705,-0.3838834764831978
1.706,-0.41074298482112337
1.707,-0.44738941074085237
1.708,-0.5102175770758103
1.709,-0.610428212360561
1.71,-0.7499999999999878
1.711,-0.9194452067355501
1.712,-1.098002829368256
1.713,-1.2564064051157784
1.714,-1.3617995011162427
1.715,-1.3838834764831822
1.716,-1.301077639513823
1.717,-1.1054210820758033
1.718,-0.8051638691149323
1.719,-0.424440587162621
1.72,-4.850282203323766e-14
1.721,0.4244405871626646
1.722,0.8051638691148546
1.723,1.1054210820758354
1.724,1.3010776395138555
1.725,1.383883476483196
1.726,1.3617995011162738
1.727,1.2564064051157737
1.728,1.098002829368295
1.729,0.9194452067354868
1.73,0.7500000000000231
1.731,0.610428212360538
1.732,0.5102175770757649
1.733,0.44738941074083194
1.734,0.41074298482107885
1.735,0.3838834764831839
1.736,0.3500211232186857
1.737,0.2964040877008616
1.738,0.217378616822457
1.739,0.1154235927876321
1.74,2.131349665993836e-14
1.741,-0.11542359278764684
1.742,-0.21737861682244866
1.743,-0.29640408770085935
1.744,-0.3500211232186901
1.745,-0.38388347648317395
1.746,-0.41074298482111943
1.747,-0.447389410740877
1.748,-0.5102175770757764
1.749,-0.6104282123606074
1.75,-0.7500000000000231
1.7510000000000001,-0.9194452067355385
1.752,-1.0980028293682607
1.7530000000000001,-1.2564064051157877
1.754,-1.3617995011162602
1.7550000000000001,-1.3838834764831858
1.756,-1.301077639513851
1.7570000000000001,-1.105421082075749
1.758,-0.8051638691148797
1.7590000000000001,-0.42444058716254174
1.76,3.4312393679043067e-14
1.7610000000000001,0.42444058716260835
1.762,0.805163869114924
1.7630000000000001,1.1054210820758055
1.764,1.3010776395138361
1.7650000000000001,1.383883476483212
1.766,1.361799501116256
1.7670000000000001,1.256406405115785
1.768,1.0980028293682675
1.7690000000000001,0.9194452067354986
1.77,0.7499999999999878
1.7710000000000001,0.6104282123605674
1.772,0.5102175770757988
1.7730000000000001,0.4473894107407791
1.774,0.4107429848211098
1.7750000000000001,0.3838834764831677
1.776,0.35002112321866297
1.7770000000000001,0.29640408770084903
1.778,0.21737861682244486
1.7790000000000001,0.11542359278764729
1.78,9.062695804008707e-15
1.7810000000000001,-0.11542359278765699
1.782,-0.21737861682243614
1.7830000000000001,-0.296404087700872
1.784,-0.35002112321867546
1.7850000000000001,-0.38388347648321025
1.786,-0.4107429848211393
1.7870000000000001,-0.44738941074084254
1.788,-0.5102175770758288
1.7890000000000001,-0.6104282123605779
1.79,-0.7500000000000016
1.7910000000000001,-0.9194452067355592
1.792,-1.0980028293682595
1.793,-1.2564064051157688
1.794,-1.3617995011162352
1.795,-1.3838834764831895
1.796,-1.3010776395138153
1.797,-1.1054210820757882
1.798,-0.8051638691149104
1.799,-0.4244405871625979
1.8,-2.4980937760696242e-14
1.801,0.4244405871625522
1.802,0.8051638691148931
1.803,1.1054210820757668
1.804,1.301077639513872
1.805,1.3838834764831682
1.806,1.3617995011162813
1.807,1.256406405115804
1.808,1.0980028293682684
1.809,0.9194452067355359
1.81,0.7500000000000093
1.811,0.6104282123605839
1.812,0.5102175770757464
1.813,0.4473894107408448
1.814,0.41074298482108984
1.815,0.38388347648315135
1.816,0.3500211232186776
1.817,0.296404087700858
1.818,0.21737861682245735
1.819,0.1154235927876625
1.82,-3.1881050519209427e-15
1.821,-0.11542359278761645
1.822,-0.2173786168224483
1.823,-0.2964040877008457
1.824,-0.3500211232186982
1.825,-0.3838834764832065
1.826,-0.4107429848211083
1.827,-0.4473894107408641
1.828,-0.5102175770757948
1.829,-0.6104282123605613
1.83,-0.7500000000000369
1.831,-0.9194452067354897
1.832,-1.0980028293682873
1.833,-1.2564064051157575
1.834,-1.3617995011162527
1.835,-1.3838834764831733
1.836,-1.3010776395138346
1.837,-1.105421082075818
1.838,-0.8051638691149412
1.839,-0.4244405871626541
1.84,5.783427795158449e-14
1.841,0.4244405871626315
1.842,0.8051638691149459
1.843,1.1054210820758208
1.844,1.301077639513844
1.845,1.3838834764832044
1.846,1.3617995011162636
1.847,1.2564064051157946
1.848,1.0980028293682638
1.849,0.9194452067355474
1.85,0.749999999999974
1.851,0.6104282123605376
1.852,0.5102175770757803
1.853,0.4473894107408202
1.854,0.4107429848210938
1.855,0.3838834764831752
1.856,0.35002112321869217
1.857,0.2964040877008671
1.858,0.21737861682244522
1.859,0.11542359278765028
1.86,1.2982803522553414e-14
1.861,-0.11542359278762865
1.862,-0.2173786168224525
1.863,-0.2964040877008539
1.864,-0.3500211232186835
1.865,-0.3838834764831826
1.866,-0.4107429848211554
1.867,-0.44738941074082955
1.868,-0.5102175770758243
1.869,-0.610428212360608
1.87,-0.7500000000000151
1.871,-0.9194452067355232
1.872,-1.0980028293682635
1.873,-1.2564064051157668
1.874,-1.3617995011162545
1.875,-1.383883476483177
1.8760000000000001,-1.3010776395137988
1.877,-1.105421082075764
1.8780000000000001,-0.8051638691148886
1.879,-0.4244405871625748
1.8800000000000001,2.6962655942249185e-14
1.881,0.4244405871626006
1.8820000000000001,0.805163869114915
1.883,1.1054210820757908
1.8840000000000001,1.3010776395138886
1.885,1.3838834764831804
1.8860000000000001,1.3617995011162618
1.887,1.2564064051157777
1.8880000000000001,1.0980028293682647
1.889,0.9194452067355139
1.8900000000000001,0.7499999999999956
1.891,0.610428212360567
1.8920000000000001,0.5102175770757509
1.893,0.44738941074085475
1.8940000000000001,0.41074298482107374
1.895,0.383883476483159
1.8960000000000001,0.3500211232186696
1.897,0.2964040877008546
1.8980000000000001,0.21737861682244103
1.899,0.11542359278764014
1.9000000000000001,7.320026666237643e-16
1.901,-0.11542359278763878
1.9020000000000001,-0.2173786168224479
1.903,-0.29640408770084925
1.9040000000000001,-0.3500211232186975
1.905,-0.3838834764831988
1.9060000000000001,-0.4107429848211244
1.907,-0.44738941074085414
1.9080000000000001,-0.5102175770758134
1.909,-0.6104282123605783
1.9100000000000001,-0.7500000000000504
1.911,-0.9194452067355114
1.9120000000000001,-1.098002829368291
1.913,-1.2564064051157837
1.9140000000000001,-1.3617995011162451
1.915,-1.3838834764831607
1.9160000000000001,-1.3010776395138266
1.917,-1.105421082075794
1.9180000000000001,-0.8051638691149193
1.919,-0.42444058716260574
1.92,-3.2330675497490123e-14
1.921,0.4244405871625444
1.922,0.8051638691148676
1.923,1.1054210820758448
1.924,1.3010776395138057
1.925,1.3838834764831969
1.926,1.3617995011162713
1.927,1.2564064051157966
1.928,1.0980028293682886
1.929,0.9194452067355254
1.93,0.7500000000000171
1.931,0.6104282123605335
1.932,0.5102175770758253
1.933,0.4473894107408021
1.934,0.4107429848210777
1.935,0.3838834764831829
1.936,0.3500211232186754
1.937,0.29640408770085913
1.938,0.21737861682245357
1.939,0.11542359278765538
1.94,1.6902911241098122e-14
1.941,-0.11542359278765098
1.942,-0.21737861682243542
1.943,-0.2964040877008619
1.944,-0.3500211232186916
1.945,-0.38388347648319504
1.946,-0.4107429848211205
1.947,-0.4473894107408196
1.948,-0.5102175770758023
1.949,-0.6104282123606118
1.95,-0.749999999999972
1.951,-0.9194452067355323
1.952,-1.098002829368267
1.953,-1.2564064051157928
1.954,-1.3617995011162356
1.955,-1.3838834764831849
1.956,-1.3010776395138457
1.957,-1.1054210820758283
1.958,-0.8051638691149668
1.959,-0.42444058716252636
1.96,2.2062830784386598e-14
1.961,0.4244405871626237
1.962,0.8051638691149369
1.963,1.1054210820758104
1.964,1.3010776395138415
1.965,1.383883476483173
1.966,1.3617995011162805
1.967,1.2564064051157797
1.968,1.0980028293682893
1.969,0.9194452067355048
1.97,0.7499999999999819
1.971,0.6104282123605629
1.972,0.5102175770757729
1.973,0.4473894107408366
1.974,0.41074298482110877
1.975,0.38388347648314647
1.976,0.35002112321868994
1.977,0.2964040877008465
1.978,0.2173786168224581
1.979,0.11542359278764314
1.98,4.652110385168471e-15
1.981,-0.11542359278763578
1.982,-0.21737861682243959
1.983,-0.29640408770085724
1.984,-0.35002112321868584
1.985,-0.38388347648321136
1.986,-0.4107429848210895
1.987,-0.44738941074087235
1.988,-0.5102175770758319
1.989,-0.6104282123605825
1.99,-0.7500000000000073
1.991,-0.9194452067355208
1.992,-1.0980028293682662
1.993,-1.2564064051157817
1.994,-1.3617995011162536
1.995,-1.3838834764831685
1.996,-1.3010776395138015
1.997,-1.1054210820757744
1.998,-0.8051638691148975
1.999,-0.4244405871625826
